id,claim_amount,claim_number,claim_status,status,fnol_id,policy_id,claim_severity,date_reported,incident_date,location,surveyor_id
1,13469.47,CLM-2021-000001,REGISTERED,,1,1,Low,2023-12-26,2023-12-20,Workshop B,1
2,19079.3,CLM-2022-000002,PAID,,2,2,High,2021-10-23,2021-10-06,On Site,2
3,8171.9,CLM-2023-000003,APPROVED,,3,3,High,2021-02-07,2021-02-06,Workshop B,3
4,13460.57,CLM-2024-000004,APPROVED,,4,4,High,2022-12-04,2022-11-28,Tow Yard,4
5,13704.92,CLM-2025-000005,REGISTERED,,5,5,Medium,2024-01-05,2023-12-30,On Site,5
6,6658.42,CLM-2020-000006,APPROVED,,6,6,Low,2023-06-20,2023-06-07,Workshop B,6
7,4937.07,CLM-2021-000007,REJECTED,,7,7,High,2025-06-07,2025-05-18,Tow Yard,7
8,9512.08,CLM-2022-000008,PAID,,8,8,High,2022-10-30,2022-10-28,Tow Yard,8
9,768.26,CLM-2023-000009,APPROVED,,9,9,High,2024-04-01,2024-03-22,Client Address,9
10,6945.98,CLM-2024-000010,REGISTERED,,10,10,Medium,2025-05-14,2025-04-30,Client Address,10
11,10109.35,CLM-2025-000011,REJECTED,,11,11,Medium,2024-07-06,2024-06-28,Workshop A,11
12,16676.43,CLM-2020-000012,REJECTED,,12,12,Low,2021-04-26,2021-04-06,Tow Yard,12
13,910.8,CLM-2021-000013,REGISTERED,,13,13,High,2025-06-21,2025-06-04,Tow Yard,13
14,2123.85,CLM-2022-000014,REGISTERED,,14,14,Medium,2021-07-14,2021-06-24,Client Address,14
15,13867.56,CLM-2023-000015,UNDER_REVIEW,,15,15,Medium,2023-02-19,2023-02-18,Client Address,15
16,12244.29,CLM-2024-000016,REGISTERED,,16,16,High,2020-11-26,2020-11-16,Tow Yard,16
17,18595.87,CLM-2025-000017,APPROVED,,17,17,High,2020-04-17,2020-03-29,Workshop B,17
18,8062.01,CLM-2020-000018,REGISTERED,,18,18,Medium,2023-12-21,2023-12-19,Workshop A,18
19,1719.27,CLM-2021-000019,REGISTERED,,19,19,Low,2024-02-19,2024-02-10,On Site,19
20,15463.32,CLM-2022-000020,PAID,,20,20,High,2021-02-18,2021-02-02,Tow Yard,20
21,13982.23,CLM-2023-000021,UNDER_REVIEW,,21,21,Low,2023-03-21,2023-03-06,Client Address,21
22,6010.16,CLM-2024-000022,REGISTERED,,22,22,High,2025-02-17,2025-02-16,Workshop A,22
23,15309.07,CLM-2025-000023,PAID,,23,23,High,2024-03-03,2024-02-18,On Site,23
24,16661.54,CLM-2020-000024,PAID,,24,24,High,2025-08-21,2025-08-20,Tow Yard,24
25,18688.28,CLM-2021-000025,APPROVED,,25,25,High,2021-10-16,2021-10-06,Workshop B,25
26,6860.19,CLM-2022-000026,PAID,,26,26,Low,2023-05-10,2023-04-22,Client Address,26
27,13597.12,CLM-2023-000027,REJECTED,,27,27,Medium,2021-05-14,2021-04-26,Tow Yard,27
28,5602.17,CLM-2024-000028,REGISTERED,,28,28,Medium,2025-08-27,2025-08-13,Workshop B,28
29,11539.49,CLM-2025-000029,UNDER_REVIEW,,29,29,High,2025-09-01,2025-08-26,Tow Yard,29
30,15367.86,CLM-2020-000030,REGISTERED,,30,30,High,2024-09-13,2024-08-25,Workshop B,30
31,4336.0,CLM-2021-000031,APPROVED,,31,31,Medium,2022-06-07,2022-05-23,Workshop A,31
32,511.49,CLM-2022-000032,PAID,,32,32,Low,2025-06-02,2025-05-18,Client Address,32
33,15851.86,CLM-2023-000033,REGISTERED,,33,33,Low,2024-04-21,2024-04-17,Tow Yard,33
34,6162.4,CLM-2024-000034,REJECTED,,34,34,High,2021-07-22,2021-07-14,Workshop A,34
35,927.95,CLM-2025-000035,APPROVED,,35,35,Low,2024-09-09,2024-08-23,On Site,35
36,17685.33,CLM-2020-000036,REJECTED,,36,36,Low,2020-04-29,2020-04-10,Client Address,36
37,11394.88,CLM-2021-000037,UNDER_REVIEW,,37,37,Medium,2021-11-16,2021-11-14,Workshop A,37
38,12745.83,CLM-2022-000038,REGISTERED,,38,38,Medium,2025-01-25,2025-01-23,On Site,38
39,16378.76,CLM-2023-000039,REJECTED,,39,39,Low,2020-02-03,2020-01-24,Workshop B,39
40,11017.85,CLM-2024-000040,UNDER_REVIEW,,40,40,Medium,2024-09-19,2024-09-08,Workshop A,40
41,7330.45,CLM-2025-000041,REJECTED,,41,41,Low,2025-02-07,2025-01-22,Workshop B,41
42,4262.85,CLM-2020-000042,UNDER_REVIEW,,42,42,Medium,2023-06-13,2023-06-10,Client Address,42
43,9348.46,CLM-2021-000043,UNDER_REVIEW,,43,43,High,2022-10-20,2022-10-17,Workshop A,43
44,15383.47,CLM-2022-000044,UNDER_REVIEW,,44,44,High,2025-12-08,2025-11-27,Workshop A,44
45,18986.0,CLM-2023-000045,PAID,,45,45,Medium,2021-12-28,2021-12-28,On Site,45
46,6088.53,CLM-2024-000046,REGISTERED,,46,46,High,2022-12-22,2022-12-13,Client Address,46
47,5306.15,CLM-2025-000047,REGISTERED,,47,47,High,2021-08-28,2021-08-09,Client Address,47
48,17610.79,CLM-2020-000048,REGISTERED,,48,48,High,2021-07-09,2021-06-23,Workshop B,48
49,13751.38,CLM-2021-000049,REJECTED,,49,49,High,2023-03-03,2023-02-22,Tow Yard,49
50,19746.39,CLM-2022-000050,REJECTED,,50,50,High,2023-11-04,2023-10-22,Tow Yard,50
51,17555.57,CLM-2023-000051,APPROVED,,51,51,Low,2020-06-02,2020-05-21,On Site,51
52,17054.67,CLM-2024-000052,REGISTERED,,52,52,High,2021-04-19,2021-04-16,Workshop B,52
53,12937.68,CLM-2025-000053,REJECTED,,53,53,High,2022-07-01,2022-06-14,Workshop A,53
54,11153.88,CLM-2020-000054,REJECTED,,54,54,Low,2025-12-12,2025-12-11,Client Address,54
55,11313.16,CLM-2021-000055,UNDER_REVIEW,,55,55,Low,2022-07-07,2022-06-17,Tow Yard,55
56,13714.52,CLM-2022-000056,APPROVED,,56,56,Medium,2022-09-25,2022-09-24,Workshop A,56
57,3295.2,CLM-2023-000057,UNDER_REVIEW,,57,57,High,2020-05-06,2020-04-21,Client Address,57
58,17582.14,CLM-2024-000058,REJECTED,,58,58,Medium,2021-07-04,2021-06-24,Tow Yard,58
59,990.11,CLM-2025-000059,APPROVED,,59,59,High,2025-02-05,2025-02-04,On Site,59
60,13261.05,CLM-2020-000060,APPROVED,,60,60,High,2022-01-14,2021-12-26,Tow Yard,60
61,15719.01,CLM-2021-000061,REJECTED,,61,61,High,2024-08-19,2024-08-02,Tow Yard,61
62,504.26,CLM-2022-000062,REGISTERED,,62,62,High,2022-03-31,2022-03-15,On Site,62
63,2573.59,CLM-2023-000063,REGISTERED,,63,63,Low,2021-09-30,2021-09-27,Client Address,63
64,10092.04,CLM-2024-000064,PAID,,64,64,Low,2021-12-24,2021-12-11,Tow Yard,64
65,2239.58,CLM-2025-000065,REGISTERED,,65,65,Medium,2021-11-14,2021-11-02,On Site,65
66,5147.94,CLM-2020-000066,REJECTED,,66,66,Medium,2024-11-25,2024-11-13,Workshop B,66
67,7904.63,CLM-2021-000067,APPROVED,,67,67,Medium,2022-05-03,2022-04-18,Workshop B,67
68,214.25,CLM-2022-000068,PAID,,68,68,Medium,2024-02-12,2024-01-29,Workshop B,68
69,15372.41,CLM-2023-000069,PAID,,69,69,Medium,2024-08-27,2024-08-24,Client Address,69
70,14669.63,CLM-2024-000070,PAID,,70,70,Medium,2023-05-15,2023-05-14,Workshop A,70
71,3551.25,CLM-2025-000071,APPROVED,,71,71,Low,2020-04-09,2020-03-31,Client Address,71
72,6804.68,CLM-2020-000072,REJECTED,,72,72,Low,2025-12-08,2025-11-29,Workshop B,72
73,12415.54,CLM-2021-000073,PAID,,73,73,Low,2020-04-17,2020-03-29,On Site,73
74,9378.86,CLM-2022-000074,REJECTED,,74,74,High,2025-10-18,2025-10-14,On Site,74
75,13134.88,CLM-2023-000075,REGISTERED,,75,75,High,2021-08-30,2021-08-29,Workshop A,75
76,16031.37,CLM-2024-000076,REJECTED,,76,76,Medium,2021-04-28,2021-04-22,Workshop A,76
77,2422.18,CLM-2025-000077,REGISTERED,,77,77,High,2023-05-23,2023-05-18,Workshop A,77
78,774.06,CLM-2020-000078,REGISTERED,,78,78,High,2020-07-26,2020-07-22,Client Address,78
79,13319.72,CLM-2021-000079,REGISTERED,,79,79,Low,2022-08-25,2022-08-20,On Site,79
80,7814.98,CLM-2022-000080,APPROVED,,80,80,Medium,2022-02-09,2022-01-23,Workshop B,80
81,15038.62,CLM-2023-000081,PAID,,81,81,Medium,2020-05-24,2020-05-05,Workshop A,81
82,7205.8,CLM-2024-000082,REJECTED,,82,82,Low,2025-12-16,2025-11-26,Tow Yard,82
83,15420.41,CLM-2025-000083,UNDER_REVIEW,,83,83,Low,2021-08-12,2021-07-26,Workshop A,83
84,10772.01,CLM-2020-000084,REJECTED,,84,84,High,2023-06-14,2023-05-30,Workshop A,84
85,343.04,CLM-2021-000085,REGISTERED,,85,85,Low,2020-11-26,2020-11-26,On Site,85
86,15623.71,CLM-2022-000086,APPROVED,,86,86,High,2023-08-27,2023-08-20,Workshop A,86
87,1845.21,CLM-2023-000087,REGISTERED,,87,87,Low,2025-07-21,2025-07-14,Client Address,87
88,10628.32,CLM-2024-000088,REGISTERED,,88,88,Medium,2025-06-14,2025-05-29,On Site,88
89,16818.77,CLM-2025-000089,UNDER_REVIEW,,89,89,High,2022-01-16,2022-01-11,Workshop B,89
90,8071.65,CLM-2020-000090,REJECTED,,90,90,Medium,2020-08-17,2020-08-06,Client Address,90
91,12634.32,CLM-2021-000091,REJECTED,,91,91,Low,2024-11-21,2024-11-13,Workshop A,91
92,3609.7,CLM-2022-000092,APPROVED,,92,92,High,2025-11-12,2025-11-02,Workshop A,92
93,8270.04,CLM-2023-000093,APPROVED,,93,93,High,2025-10-07,2025-09-30,Client Address,93
94,2172.15,CLM-2024-000094,REGISTERED,,94,94,High,2021-07-05,2021-07-05,Client Address,94
95,2127.53,CLM-2025-000095,APPROVED,,95,95,Medium,2023-10-29,2023-10-17,Client Address,95
96,8403.42,CLM-2020-000096,APPROVED,,96,96,Low,2023-07-07,2023-07-01,On Site,96
97,18874.61,CLM-2021-000097,UNDER_REVIEW,,97,97,High,2021-01-04,2020-12-23,Workshop A,97
98,5625.92,CLM-2022-000098,REGISTERED,,98,98,Medium,2024-07-22,2024-07-21,Client Address,98
99,3972.77,CLM-2023-000099,APPROVED,,99,99,Medium,2022-07-08,2022-07-02,Client Address,99
100,18539.49,CLM-2024-000100,APPROVED,,100,100,Medium,2023-02-24,2023-02-13,On Site,100
101,18958.88,CLM-2025-000101,PAID,,101,101,High,2025-01-29,2025-01-19,Workshop B,101
102,11457.01,CLM-2020-000102,PAID,,102,102,High,2024-10-17,2024-10-08,Workshop A,102
103,2505.88,CLM-2021-000103,UNDER_REVIEW,,103,103,Low,2024-09-24,2024-09-24,Client Address,103
104,15910.95,CLM-2022-000104,REJECTED,,104,104,Medium,2025-07-08,2025-07-05,Workshop B,104
105,12662.92,CLM-2023-000105,UNDER_REVIEW,,105,105,High,2024-08-26,2024-08-15,On Site,105
106,14584.88,CLM-2024-000106,PAID,,106,106,High,2022-09-15,2022-09-06,Workshop A,106
107,12111.68,CLM-2025-000107,REJECTED,,107,107,High,2024-02-21,2024-02-18,Workshop A,107
108,3758.92,CLM-2020-000108,REGISTERED,,108,108,Medium,2021-05-07,2021-04-20,Workshop B,108
109,15701.06,CLM-2021-000109,UNDER_REVIEW,,109,109,Medium,2025-08-11,2025-08-05,On Site,109
110,2670.32,CLM-2022-000110,APPROVED,,110,110,High,2021-12-26,2021-12-26,Client Address,110
111,19566.29,CLM-2023-000111,REJECTED,,111,111,High,2020-04-13,2020-04-06,Workshop B,111
112,2694.44,CLM-2024-000112,PAID,,112,112,Medium,2022-03-04,2022-02-14,Tow Yard,112
113,5953.41,CLM-2025-000113,UNDER_REVIEW,,113,113,Low,2021-04-16,2021-04-12,On Site,113
114,9392.49,CLM-2020-000114,APPROVED,,114,114,Low,2025-08-04,2025-07-19,Tow Yard,114
115,15705.94,CLM-2021-000115,REJECTED,,115,115,Medium,2023-02-28,2023-02-17,On Site,115
116,1575.92,CLM-2022-000116,REJECTED,,116,116,Medium,2022-02-03,2022-01-28,Workshop B,116
117,14021.27,CLM-2023-000117,UNDER_REVIEW,,117,117,Medium,2023-04-10,2023-04-08,Client Address,117
118,8549.32,CLM-2024-000118,REGISTERED,,118,118,Medium,2021-01-09,2021-01-09,Workshop B,118
119,620.02,CLM-2025-000119,REGISTERED,,119,119,Medium,2020-02-24,2020-02-17,Workshop B,119
120,19030.06,CLM-2020-000120,APPROVED,,120,120,Medium,2025-05-24,2025-05-22,Client Address,120
121,12187.63,CLM-2021-000121,UNDER_REVIEW,,121,121,Medium,2021-08-28,2021-08-20,Workshop B,121
122,4848.65,CLM-2022-000122,REJECTED,,122,122,Low,2020-05-01,2020-04-13,Workshop A,122
123,17948.89,CLM-2023-000123,REGISTERED,,123,123,Medium,2025-03-27,2025-03-22,On Site,123
124,14991.79,CLM-2024-000124,REGISTERED,,124,124,Low,2023-03-06,2023-03-02,Tow Yard,124
125,12614.06,CLM-2025-000125,REJECTED,,125,125,High,2024-11-11,2024-11-07,Workshop A,125
126,19546.64,CLM-2020-000126,REGISTERED,,126,126,High,2021-12-03,2021-11-20,Tow Yard,126
127,395.29,CLM-2021-000127,REJECTED,,127,127,High,2022-07-13,2022-07-05,Client Address,127
128,18605.86,CLM-2022-000128,REGISTERED,,128,128,Medium,2023-03-16,2023-02-27,On Site,128
129,336.83,CLM-2023-000129,APPROVED,,129,129,High,2021-05-22,2021-05-07,Client Address,129
130,4128.57,CLM-2024-000130,REGISTERED,,130,130,Low,2022-10-10,2022-09-27,On Site,130
131,2783.61,CLM-2025-000131,PAID,,131,131,High,2020-12-23,2020-12-20,Workshop A,131
132,3133.16,CLM-2020-000132,APPROVED,,132,132,High,2020-06-09,2020-05-20,Tow Yard,132
133,14541.28,CLM-2021-000133,UNDER_REVIEW,,133,133,Low,2024-07-06,2024-07-03,Workshop A,133
134,6829.91,CLM-2022-000134,UNDER_REVIEW,,134,134,Low,2024-10-21,2024-10-05,Client Address,134
135,19442.03,CLM-2023-000135,REJECTED,,135,135,High,2021-08-13,2021-07-27,Workshop B,135
136,6401.16,CLM-2024-000136,REJECTED,,136,136,Medium,2025-04-02,2025-03-18,Workshop B,136
137,5958.66,CLM-2025-000137,PAID,,137,137,Medium,2021-06-21,2021-06-11,Workshop A,137
138,12921.19,CLM-2020-000138,REJECTED,,138,138,High,2025-03-23,2025-03-09,Workshop A,138
139,480.9,CLM-2021-000139,REJECTED,,139,139,High,2023-08-19,2023-08-09,Client Address,139
140,11708.42,CLM-2022-000140,REGISTERED,,140,140,Low,2024-12-24,2024-12-08,Tow Yard,140
141,14210.0,CLM-2023-000141,REGISTERED,,141,141,Low,2020-04-23,2020-04-04,Client Address,141
142,656.16,CLM-2024-000142,PAID,,142,142,High,2020-05-01,2020-04-14,Workshop B,142
143,13828.19,CLM-2025-000143,APPROVED,,143,143,High,2020-02-09,2020-01-30,Client Address,143
144,4635.48,CLM-2020-000144,REGISTERED,,144,144,High,2021-02-24,2021-02-24,Workshop A,144
145,4531.94,CLM-2021-000145,APPROVED,,145,145,Medium,2021-03-08,2021-03-04,Client Address,145
146,15757.41,CLM-2022-000146,APPROVED,,146,146,Low,2022-04-22,2022-04-17,Tow Yard,146
147,4284.89,CLM-2023-000147,REGISTERED,,147,147,High,2024-10-30,2024-10-19,Client Address,147
148,8102.45,CLM-2024-000148,REGISTERED,,148,148,Medium,2024-05-01,2024-04-18,Tow Yard,148
149,14091.14,CLM-2025-000149,PAID,,149,149,High,2025-09-23,2025-09-22,On Site,149
150,19263.37,CLM-2020-000150,REJECTED,,150,150,Low,2020-06-23,2020-06-12,Client Address,150
151,8794.45,CLM-2021-000151,PAID,,151,151,High,2022-04-04,2022-03-30,Workshop A,151
152,4865.22,CLM-2022-000152,REGISTERED,,152,152,Low,2023-09-12,2023-09-11,On Site,152
153,5153.94,CLM-2023-000153,PAID,,153,153,High,2020-11-10,2020-11-08,Client Address,153
154,11155.22,CLM-2024-000154,APPROVED,,154,154,Low,2020-08-21,2020-08-18,Client Address,154
155,19043.74,CLM-2025-000155,APPROVED,,155,155,Medium,2022-07-22,2022-07-21,Workshop A,155
156,9225.26,CLM-2020-000156,REGISTERED,,156,156,Low,2024-01-22,2024-01-15,Workshop B,156
157,14529.41,CLM-2021-000157,PAID,,157,157,Low,2021-07-05,2021-06-30,Workshop A,157
158,17799.82,CLM-2022-000158,REJECTED,,158,158,Medium,2021-05-06,2021-04-22,Workshop A,158
159,9722.99,CLM-2023-000159,REGISTERED,,159,159,High,2024-01-02,2023-12-16,Workshop A,159
160,5945.71,CLM-2024-000160,UNDER_REVIEW,,160,160,Medium,2024-06-08,2024-06-01,Tow Yard,160
161,19508.77,CLM-2025-000161,REJECTED,,161,161,High,2022-07-06,2022-06-18,Client Address,161
162,17812.99,CLM-2020-000162,PAID,,162,162,Low,2023-08-13,2023-07-25,Workshop B,162
163,3463.4,CLM-2021-000163,REGISTERED,,163,163,Medium,2021-08-23,2021-08-19,Workshop A,163
164,12718.35,CLM-2022-000164,REJECTED,,164,164,High,2025-04-12,2025-03-24,Client Address,164
165,1809.24,CLM-2023-000165,UNDER_REVIEW,,165,165,Medium,2024-03-14,2024-02-29,Workshop B,165
166,9443.46,CLM-2024-000166,UNDER_REVIEW,,166,166,High,2023-06-08,2023-06-03,Client Address,166
167,12019.39,CLM-2025-000167,PAID,,167,167,High,2023-03-05,2023-02-20,Tow Yard,167
168,18974.38,CLM-2020-000168,PAID,,168,168,Medium,2020-01-29,2020-01-19,Workshop B,168
169,5367.32,CLM-2021-000169,APPROVED,,169,169,Low,2022-02-23,2022-02-05,On Site,169
170,9139.68,CLM-2022-000170,REJECTED,,170,170,High,2023-04-10,2023-03-31,Workshop B,170
171,5148.83,CLM-2023-000171,PAID,,171,171,Low,2023-08-24,2023-08-05,Client Address,171
172,8375.28,CLM-2024-000172,APPROVED,,172,172,High,2021-11-23,2021-11-12,Workshop B,172
173,481.81,CLM-2025-000173,REGISTERED,,173,173,Medium,2025-06-05,2025-05-24,Workshop B,173
174,8709.16,CLM-2020-000174,REGISTERED,,174,174,Low,2020-02-09,2020-01-22,Client Address,174
175,6263.4,CLM-2021-000175,APPROVED,,175,175,Low,2024-02-27,2024-02-23,Tow Yard,175
176,13853.49,CLM-2022-000176,UNDER_REVIEW,,176,176,High,2025-12-15,2025-12-06,Tow Yard,176
177,11770.65,CLM-2023-000177,APPROVED,,177,177,Low,2022-11-26,2022-11-19,Client Address,177
178,19239.06,CLM-2024-000178,REGISTERED,,178,178,Medium,2024-09-16,2024-09-04,Tow Yard,178
179,17166.93,CLM-2025-000179,REGISTERED,,179,179,Medium,2024-12-08,2024-12-04,Client Address,179
180,5254.63,CLM-2020-000180,REJECTED,,180,180,Low,2023-10-13,2023-10-08,Client Address,180
181,15152.36,CLM-2021-000181,UNDER_REVIEW,,181,181,High,2020-09-30,2020-09-29,Client Address,181
182,14319.29,CLM-2022-000182,REJECTED,,182,182,High,2020-02-22,2020-02-19,On Site,182
183,18300.59,CLM-2023-000183,REGISTERED,,183,183,Low,2023-06-06,2023-06-03,Client Address,183
184,16107.84,CLM-2024-000184,APPROVED,,184,184,Medium,2022-12-07,2022-11-26,Tow Yard,184
185,12354.24,CLM-2025-000185,PAID,,185,185,Medium,2021-05-05,2021-05-03,Workshop B,185
186,800.77,CLM-2020-000186,REGISTERED,,186,186,Low,2021-09-01,2021-08-18,Workshop A,186
187,6410.34,CLM-2021-000187,REGISTERED,,187,187,Low,2021-12-11,2021-11-21,Workshop A,187
188,10831.41,CLM-2022-000188,UNDER_REVIEW,,188,188,Low,2020-09-29,2020-09-24,Tow Yard,188
189,10457.34,CLM-2023-000189,REGISTERED,,189,189,Low,2020-09-23,2020-09-10,Workshop B,189
190,5070.94,CLM-2024-000190,UNDER_REVIEW,,190,190,Low,2025-12-10,2025-12-04,Workshop B,190
191,6204.16,CLM-2025-000191,PAID,,191,191,High,2021-12-18,2021-12-09,Workshop B,191
192,15049.95,CLM-2020-000192,REJECTED,,192,192,Low,2020-06-14,2020-06-06,Workshop A,192
193,1189.97,CLM-2021-000193,REGISTERED,,193,193,Medium,2022-08-12,2022-08-06,Tow Yard,193
194,11009.15,CLM-2022-000194,UNDER_REVIEW,,194,194,High,2025-06-26,2025-06-16,On Site,194
195,2762.68,CLM-2023-000195,APPROVED,,195,195,Medium,2021-05-14,2021-04-25,Tow Yard,195
196,8575.23,CLM-2024-000196,REGISTERED,,196,196,Medium,2022-10-13,2022-10-01,Tow Yard,196
197,10993.21,CLM-2025-000197,PAID,,197,197,Medium,2025-07-10,2025-06-28,Client Address,197
198,12146.68,CLM-2020-000198,PAID,,198,198,Medium,2020-04-28,2020-04-14,Workshop B,198
199,14936.36,CLM-2021-000199,REGISTERED,,199,199,Medium,2021-05-07,2021-04-17,Workshop B,199
200,19235.45,CLM-2022-000200,REGISTERED,,200,200,Low,2024-07-28,2024-07-17,Tow Yard,200
201,5217.99,CLM-2023-000201,REGISTERED,,201,201,Medium,2020-10-19,2020-10-17,Tow Yard,201
202,5947.68,CLM-2024-000202,APPROVED,,202,202,Medium,2021-10-28,2021-10-27,Workshop A,202
203,7562.8,CLM-2025-000203,PAID,,203,203,High,2024-05-19,2024-05-19,Workshop A,203
204,17136.5,CLM-2020-000204,REJECTED,,204,204,Low,2023-09-01,2023-08-23,Client Address,204
205,18570.55,CLM-2021-000205,REJECTED,,205,205,Low,2022-02-12,2022-02-04,On Site,205
206,2326.26,CLM-2022-000206,UNDER_REVIEW,,206,206,Low,2022-06-21,2022-06-13,Tow Yard,206
207,4538.91,CLM-2023-000207,PAID,,207,207,Low,2021-10-09,2021-10-04,On Site,207
208,3287.01,CLM-2024-000208,UNDER_REVIEW,,208,208,High,2020-07-17,2020-07-02,On Site,208
209,2782.2,CLM-2025-000209,REGISTERED,,209,209,High,2022-04-18,2022-04-04,Workshop B,209
210,439.87,CLM-2020-000210,UNDER_REVIEW,,210,210,High,2020-06-29,2020-06-20,Client Address,210
211,8237.31,CLM-2021-000211,REJECTED,,211,211,High,2020-08-21,2020-08-08,Client Address,211
212,10029.03,CLM-2022-000212,UNDER_REVIEW,,212,212,Low,2025-10-09,2025-10-06,Tow Yard,212
213,12157.65,CLM-2023-000213,APPROVED,,213,213,High,2022-09-10,2022-08-25,Workshop B,213
214,19779.59,CLM-2024-000214,UNDER_REVIEW,,214,214,Low,2020-07-28,2020-07-13,On Site,214
215,6935.58,CLM-2025-000215,REJECTED,,215,215,Medium,2023-12-10,2023-12-10,Workshop A,215
216,6689.53,CLM-2020-000216,REGISTERED,,216,216,High,2020-04-17,2020-04-08,On Site,216
217,7016.5,CLM-2021-000217,REJECTED,,217,217,Low,2025-12-01,2025-11-22,Client Address,217
218,5923.64,CLM-2022-000218,REJECTED,,218,218,High,2025-02-22,2025-02-06,Tow Yard,218
219,8158.68,CLM-2023-000219,PAID,,219,219,Low,2022-03-28,2022-03-08,On Site,219
220,18706.17,CLM-2024-000220,REJECTED,,220,220,Low,2024-10-15,2024-10-04,Workshop B,220
221,15496.65,CLM-2025-000221,REJECTED,,221,221,High,2023-04-25,2023-04-13,On Site,221
222,15791.82,CLM-2020-000222,PAID,,222,222,High,2024-03-01,2024-02-29,Workshop B,222
223,15492.86,CLM-2021-000223,PAID,,223,223,High,2023-12-25,2023-12-25,Workshop B,223
224,3995.11,CLM-2022-000224,REGISTERED,,224,224,Low,2022-02-04,2022-01-26,Workshop A,224
225,15622.48,CLM-2023-000225,PAID,,225,225,High,2025-08-12,2025-07-30,Workshop A,225
226,4905.44,CLM-2024-000226,REJECTED,,226,226,Medium,2020-03-28,2020-03-18,Client Address,226
227,2229.0,CLM-2025-000227,APPROVED,,227,227,Medium,2021-05-23,2021-05-22,Workshop A,227
228,12213.28,CLM-2020-000228,APPROVED,,228,228,Low,2022-07-23,2022-07-07,On Site,228
229,10177.21,CLM-2021-000229,REGISTERED,,229,229,High,2021-04-23,2021-04-11,Workshop B,229
230,4211.85,CLM-2022-000230,REJECTED,,230,230,High,2024-01-05,2023-12-31,Client Address,230
231,11013.28,CLM-2023-000231,REJECTED,,231,231,Low,2021-12-03,2021-11-15,On Site,231
232,4857.34,CLM-2024-000232,PAID,,232,232,Low,2025-12-28,2025-12-20,On Site,232
233,13694.94,CLM-2025-000233,REGISTERED,,233,233,Medium,2025-12-19,2025-12-09,Workshop B,233
234,9894.72,CLM-2020-000234,APPROVED,,234,234,Medium,2020-04-15,2020-03-26,On Site,234
235,14703.54,CLM-2021-000235,UNDER_REVIEW,,235,235,Medium,2020-09-03,2020-08-15,Workshop A,235
236,5821.41,CLM-2022-000236,APPROVED,,236,236,Low,2022-01-16,2022-01-13,On Site,236
237,18854.33,CLM-2023-000237,APPROVED,,237,237,High,2021-09-25,2021-09-07,On Site,237
238,3898.54,CLM-2024-000238,UNDER_REVIEW,,238,238,Medium,2024-12-02,2024-12-02,Workshop A,238
239,2031.01,CLM-2025-000239,UNDER_REVIEW,,239,239,Medium,2023-11-27,2023-11-27,Tow Yard,239
240,10591.36,CLM-2020-000240,APPROVED,,240,240,High,2024-06-05,2024-05-16,On Site,240
241,6524.82,CLM-2021-000241,UNDER_REVIEW,,241,241,Low,2021-03-14,2021-03-04,Workshop A,241
242,5080.76,CLM-2022-000242,REJECTED,,242,242,Low,2025-01-29,2025-01-26,Workshop B,242
243,4871.85,CLM-2023-000243,PAID,,243,243,High,2022-12-11,2022-11-23,On Site,243
244,1287.46,CLM-2024-000244,UNDER_REVIEW,,244,244,Low,2020-12-30,2020-12-17,Workshop A,244
245,1190.5,CLM-2025-000245,REGISTERED,,245,245,Low,2025-05-08,2025-04-18,Tow Yard,245
246,636.69,CLM-2020-000246,REGISTERED,,246,246,High,2020-10-06,2020-09-23,Tow Yard,246
247,12606.48,CLM-2021-000247,APPROVED,,247,247,Low,2022-01-26,2022-01-14,Client Address,247
248,10050.57,CLM-2022-000248,REGISTERED,,248,248,Medium,2024-11-16,2024-11-03,Client Address,248
249,7887.25,CLM-2023-000249,REGISTERED,,249,249,High,2025-10-18,2025-09-28,On Site,249
250,2970.89,CLM-2024-000250,UNDER_REVIEW,,250,250,High,2020-11-10,2020-11-07,Client Address,250
251,12134.79,CLM-2025-000251,UNDER_REVIEW,,251,251,Medium,2020-09-27,2020-09-12,On Site,251
252,3679.44,CLM-2020-000252,REGISTERED,,252,252,High,2022-01-28,2022-01-21,Workshop A,252
253,19738.27,CLM-2021-000253,REGISTERED,,253,253,Medium,2021-01-04,2020-12-28,On Site,253
254,19436.01,CLM-2022-000254,REGISTERED,,254,254,Medium,2025-09-21,2025-09-11,Client Address,254
255,300.13,CLM-2023-000255,REGISTERED,,255,255,Medium,2023-09-05,2023-08-28,On Site,255
256,15902.02,CLM-2024-000256,PAID,,256,256,High,2020-12-26,2020-12-07,Client Address,256
257,18750.96,CLM-2025-000257,APPROVED,,257,257,High,2020-05-19,2020-05-02,Workshop A,257
258,5899.34,CLM-2020-000258,PAID,,258,258,High,2020-02-09,2020-01-28,Tow Yard,258
259,3381.47,CLM-2021-000259,APPROVED,,259,259,High,2020-02-02,2020-01-27,Workshop A,259
260,7526.87,CLM-2022-000260,PAID,,260,260,High,2021-08-02,2021-07-19,Workshop A,260
261,2934.42,CLM-2023-000261,REJECTED,,261,261,High,2021-01-28,2021-01-12,Workshop A,261
262,1975.25,CLM-2024-000262,REGISTERED,,262,262,Medium,2021-10-25,2021-10-06,Tow Yard,262
263,18828.6,CLM-2025-000263,PAID,,263,263,Low,2021-07-16,2021-07-06,Tow Yard,263
264,4330.71,CLM-2020-000264,APPROVED,,264,264,High,2020-09-17,2020-09-04,Workshop A,264
265,3297.08,CLM-2021-000265,APPROVED,,265,265,Low,2023-02-24,2023-02-14,Tow Yard,265
266,14241.91,CLM-2022-000266,PAID,,266,266,Medium,2023-11-17,2023-11-06,Workshop B,266
267,4354.44,CLM-2023-000267,UNDER_REVIEW,,267,267,Low,2021-06-20,2021-06-16,Workshop B,267
268,18748.31,CLM-2024-000268,REGISTERED,,268,268,Medium,2020-10-24,2020-10-19,Workshop A,268
269,16845.07,CLM-2025-000269,UNDER_REVIEW,,269,269,Low,2023-12-14,2023-12-07,On Site,269
270,11387.92,CLM-2020-000270,PAID,,270,270,High,2024-04-30,2024-04-22,Client Address,270
271,1145.34,CLM-2021-000271,APPROVED,,271,271,Low,2021-08-21,2021-08-14,Client Address,271
272,7880.15,CLM-2022-000272,REGISTERED,,272,272,High,2023-09-02,2023-08-21,Workshop B,272
273,2898.59,CLM-2023-000273,UNDER_REVIEW,,273,273,Medium,2022-08-15,2022-08-15,Client Address,273
274,2296.24,CLM-2024-000274,PAID,,274,274,High,2022-12-02,2022-11-19,Tow Yard,274
275,5145.51,CLM-2025-000275,PAID,,275,275,Medium,2024-05-07,2024-04-29,Workshop B,275
276,17739.28,CLM-2020-000276,APPROVED,,276,276,Low,2024-09-09,2024-09-07,Workshop A,276
277,6668.99,CLM-2021-000277,PAID,,277,277,Low,2021-03-25,2021-03-09,Workshop A,277
278,306.58,CLM-2022-000278,UNDER_REVIEW,,278,278,Low,2020-01-09,2020-01-08,Workshop B,278
279,17974.69,CLM-2023-000279,REJECTED,,279,279,Low,2022-07-05,2022-06-24,On Site,279
280,5508.72,CLM-2024-000280,REJECTED,,280,280,High,2020-04-02,2020-03-19,On Site,280
281,210.79,CLM-2025-000281,PAID,,281,281,Low,2021-03-03,2021-02-24,On Site,281
282,13372.25,CLM-2020-000282,REJECTED,,282,282,Low,2025-06-05,2025-05-28,Client Address,282
283,7060.8,CLM-2021-000283,APPROVED,,283,283,Low,2022-10-06,2022-09-17,Tow Yard,283
284,10357.0,CLM-2022-000284,PAID,,284,284,Low,2024-10-15,2024-10-14,Workshop B,284
285,10897.99,CLM-2023-000285,REJECTED,,285,285,Low,2021-01-24,2021-01-22,On Site,285
286,1779.77,CLM-2024-000286,APPROVED,,286,286,Low,2025-07-06,2025-06-19,Workshop A,286
287,14468.36,CLM-2025-000287,REJECTED,,287,287,Low,2023-11-29,2023-11-13,Workshop B,287
288,9910.22,CLM-2020-000288,UNDER_REVIEW,,288,288,High,2020-01-06,2020-01-02,Tow Yard,288
289,4604.4,CLM-2021-000289,UNDER_REVIEW,,289,289,High,2024-01-11,2023-12-26,Client Address,289
290,476.98,CLM-2022-000290,UNDER_REVIEW,,290,290,High,2022-01-29,2022-01-20,Client Address,290
291,14920.93,CLM-2023-000291,REGISTERED,,291,291,Medium,2023-07-19,2023-07-11,Workshop A,291
292,17640.68,CLM-2024-000292,APPROVED,,292,292,Low,2024-10-26,2024-10-09,On Site,292
293,559.84,CLM-2025-000293,PAID,,293,293,Medium,2020-09-06,2020-09-06,Workshop B,293
294,6614.05,CLM-2020-000294,UNDER_REVIEW,,294,294,Medium,2024-01-26,2024-01-20,Client Address,294
295,9400.04,CLM-2021-000295,UNDER_REVIEW,,295,295,High,2020-05-09,2020-05-08,Workshop A,295
296,10285.88,CLM-2022-000296,REJECTED,,296,296,Low,2025-01-29,2025-01-29,Client Address,296
297,249.92,CLM-2023-000297,REJECTED,,297,297,High,2025-03-13,2025-03-06,Tow Yard,297
298,19559.83,CLM-2024-000298,REGISTERED,,298,298,Low,2023-12-24,2023-12-05,On Site,298
299,16008.37,CLM-2025-000299,UNDER_REVIEW,,299,299,High,2023-04-15,2023-04-09,Client Address,299
300,19785.4,CLM-2020-000300,APPROVED,,300,300,Medium,2024-02-02,2024-01-16,Workshop B,300
301,16149.08,CLM-2021-000301,REJECTED,,301,301,Low,2024-01-21,2024-01-09,Workshop B,301
302,15592.93,CLM-2022-000302,APPROVED,,302,302,High,2023-10-02,2023-09-21,Tow Yard,302
303,16775.56,CLM-2023-000303,REJECTED,,303,303,Low,2023-03-29,2023-03-21,On Site,303
304,14037.84,CLM-2024-000304,UNDER_REVIEW,,304,304,Low,2023-08-24,2023-08-21,On Site,304
305,7100.22,CLM-2025-000305,UNDER_REVIEW,,305,305,High,2021-12-11,2021-12-06,Workshop B,305
306,18147.01,CLM-2020-000306,REJECTED,,306,306,High,2021-10-17,2021-10-15,On Site,306
307,17227.4,CLM-2021-000307,UNDER_REVIEW,,307,307,High,2024-03-13,2024-03-05,On Site,307
308,10759.02,CLM-2022-000308,APPROVED,,308,308,Low,2020-02-05,2020-02-02,Client Address,308
309,6543.34,CLM-2023-000309,APPROVED,,309,309,Medium,2025-06-13,2025-06-12,Workshop A,309
310,19960.51,CLM-2024-000310,REJECTED,,310,310,Low,2024-12-12,2024-12-12,On Site,310
311,12774.8,CLM-2025-000311,REGISTERED,,311,311,Medium,2025-06-24,2025-06-04,Workshop B,311
312,16384.98,CLM-2020-000312,REJECTED,,312,312,Low,2022-05-14,2022-05-14,Workshop A,312
313,2575.96,CLM-2021-000313,UNDER_REVIEW,,313,313,Medium,2021-10-16,2021-10-01,Tow Yard,313
314,17301.21,CLM-2022-000314,REGISTERED,,314,314,High,2025-12-01,2025-11-13,Client Address,314
315,1325.01,CLM-2023-000315,UNDER_REVIEW,,315,315,Medium,2021-05-06,2021-04-22,Workshop B,315
316,18793.59,CLM-2024-000316,REJECTED,,316,316,Medium,2024-02-22,2024-02-14,Workshop B,316
317,19822.63,CLM-2025-000317,REJECTED,,317,317,High,2020-12-12,2020-12-08,Workshop A,317
318,2189.98,CLM-2020-000318,PAID,,318,318,Medium,2024-07-31,2024-07-18,On Site,318
319,15592.36,CLM-2021-000319,PAID,,319,319,High,2023-08-09,2023-08-07,Client Address,319
320,12641.17,CLM-2022-000320,REGISTERED,,320,320,Low,2024-06-23,2024-06-15,Client Address,320
321,4672.63,CLM-2023-000321,REJECTED,,321,321,Low,2020-03-15,2020-03-05,Workshop A,321
322,12739.09,CLM-2024-000322,APPROVED,,322,322,High,2020-12-25,2020-12-05,On Site,322
323,2642.29,CLM-2025-000323,PAID,,323,323,Medium,2024-02-28,2024-02-24,Workshop A,323
324,11596.46,CLM-2020-000324,REJECTED,,324,324,Medium,2025-11-19,2025-10-30,Tow Yard,324
325,14474.42,CLM-2021-000325,APPROVED,,325,325,Low,2021-10-15,2021-10-08,Workshop B,325
326,4305.24,CLM-2022-000326,APPROVED,,326,326,High,2024-12-19,2024-12-19,Workshop B,326
327,6072.66,CLM-2023-000327,UNDER_REVIEW,,327,327,High,2024-09-03,2024-08-21,Workshop B,327
328,15110.16,CLM-2024-000328,APPROVED,,328,328,Low,2024-05-22,2024-05-22,Client Address,328
329,10679.82,CLM-2025-000329,PAID,,329,329,Medium,2022-04-06,2022-03-31,Workshop A,329
330,13225.65,CLM-2020-000330,REJECTED,,330,330,High,2020-07-03,2020-06-29,Workshop B,330
331,17016.27,CLM-2021-000331,REJECTED,,331,331,High,2022-05-09,2022-05-06,Workshop A,331
332,15029.15,CLM-2022-000332,REJECTED,,332,332,Low,2020-06-11,2020-05-28,Workshop A,332
333,12227.94,CLM-2023-000333,REJECTED,,333,333,High,2024-11-23,2024-11-14,Workshop B,333
334,11739.03,CLM-2024-000334,REJECTED,,334,334,Medium,2020-11-01,2020-10-31,On Site,334
335,7038.46,CLM-2025-000335,PAID,,335,335,Medium,2021-12-24,2021-12-21,On Site,335
336,15909.99,CLM-2020-000336,UNDER_REVIEW,,336,336,High,2020-05-11,2020-05-07,Workshop B,336
337,6996.85,CLM-2021-000337,UNDER_REVIEW,,337,337,Medium,2022-01-02,2021-12-23,Tow Yard,337
338,12699.89,CLM-2022-000338,REGISTERED,,338,338,Medium,2024-08-16,2024-08-11,On Site,338
339,13363.82,CLM-2023-000339,REGISTERED,,339,339,Medium,2021-06-18,2021-06-13,Client Address,339
340,15327.81,CLM-2024-000340,REJECTED,,340,340,High,2022-12-31,2022-12-16,Tow Yard,340
341,17959.36,CLM-2025-000341,PAID,,341,341,Low,2021-02-19,2021-02-07,Workshop B,341
342,11429.71,CLM-2020-000342,REGISTERED,,342,342,Low,2024-04-18,2024-04-09,Client Address,342
343,5981.17,CLM-2021-000343,REGISTERED,,343,343,High,2020-06-11,2020-06-04,Tow Yard,343
344,12370.39,CLM-2022-000344,REGISTERED,,344,344,Low,2025-08-07,2025-07-29,Client Address,344
345,15256.35,CLM-2023-000345,APPROVED,,345,345,Medium,2024-07-13,2024-07-09,Tow Yard,345
346,18733.05,CLM-2024-000346,APPROVED,,346,346,Low,2021-02-20,2021-02-17,Workshop A,346
347,16323.56,CLM-2025-000347,PAID,,347,347,Medium,2020-02-26,2020-02-16,Tow Yard,347
348,3647.36,CLM-2020-000348,APPROVED,,348,348,Low,2021-07-30,2021-07-22,Workshop A,348
349,13753.04,CLM-2021-000349,PAID,,349,349,High,2021-05-03,2021-04-22,Client Address,349
350,6763.65,CLM-2022-000350,APPROVED,,350,350,Medium,2020-11-05,2020-10-27,Tow Yard,350
351,6369.07,CLM-2023-000351,REGISTERED,,351,351,High,2021-09-15,2021-08-27,Workshop A,351
352,5717.9,CLM-2024-000352,PAID,,352,352,Medium,2021-10-16,2021-10-11,Tow Yard,352
353,1467.82,CLM-2025-000353,REJECTED,,353,353,Medium,2023-01-09,2022-12-30,Client Address,353
354,5977.12,CLM-2020-000354,REGISTERED,,354,354,Medium,2021-03-19,2021-03-09,Tow Yard,354
355,8883.11,CLM-2021-000355,PAID,,355,355,Low,2025-04-09,2025-03-28,On Site,355
356,6534.72,CLM-2022-000356,PAID,,356,356,Medium,2020-09-07,2020-09-02,Tow Yard,356
357,17122.95,CLM-2023-000357,UNDER_REVIEW,,357,357,Medium,2024-03-26,2024-03-10,Tow Yard,357
358,11488.66,CLM-2024-000358,APPROVED,,358,358,Medium,2024-07-08,2024-06-23,Workshop B,358
359,8978.67,CLM-2025-000359,REGISTERED,,359,359,Low,2020-09-27,2020-09-10,Workshop A,359
360,4809.05,CLM-2020-000360,REJECTED,,360,360,Low,2024-09-25,2024-09-06,Tow Yard,360
361,7513.28,CLM-2021-000361,PAID,,361,361,High,2022-02-08,2022-01-22,Tow Yard,361
362,17751.42,CLM-2022-000362,REGISTERED,,362,362,Medium,2024-04-23,2024-04-18,Workshop B,362
363,9525.79,CLM-2023-000363,PAID,,363,363,Low,2024-02-03,2024-01-18,Tow Yard,363
364,17197.76,CLM-2024-000364,APPROVED,,364,364,High,2025-07-06,2025-06-17,Workshop A,364
365,14439.01,CLM-2025-000365,UNDER_REVIEW,,365,365,Medium,2024-03-14,2024-03-01,Tow Yard,365
366,7696.22,CLM-2020-000366,UNDER_REVIEW,,366,366,Low,2024-02-28,2024-02-14,On Site,366
367,12940.69,CLM-2021-000367,APPROVED,,367,367,Low,2020-01-05,2019-12-22,On Site,367
368,15962.67,CLM-2022-000368,UNDER_REVIEW,,368,368,High,2021-11-23,2021-11-12,On Site,368
369,3884.07,CLM-2023-000369,REJECTED,,369,369,Medium,2021-04-15,2021-03-27,Workshop A,369
370,10308.17,CLM-2024-000370,REJECTED,,370,370,High,2024-05-06,2024-04-18,Workshop B,370
371,19759.33,CLM-2025-000371,APPROVED,,371,371,Low,2024-08-03,2024-07-24,Workshop A,371
372,9629.19,CLM-2020-000372,UNDER_REVIEW,,372,372,Low,2020-08-18,2020-08-11,Tow Yard,372
373,9325.86,CLM-2021-000373,UNDER_REVIEW,,373,373,Medium,2021-12-21,2021-12-18,Workshop A,373
374,6316.8,CLM-2022-000374,APPROVED,,374,374,High,2023-03-13,2023-03-10,On Site,374
375,12169.26,CLM-2023-000375,UNDER_REVIEW,,375,375,Medium,2025-10-20,2025-10-03,Workshop B,375
376,524.74,CLM-2024-000376,REGISTERED,,376,376,Medium,2022-11-23,2022-11-09,Workshop A,376
377,19187.53,CLM-2025-000377,UNDER_REVIEW,,377,377,Medium,2021-05-24,2021-05-15,Workshop A,377
378,8906.94,CLM-2020-000378,REJECTED,,378,378,High,2022-06-29,2022-06-18,Client Address,378
379,12938.32,CLM-2021-000379,REGISTERED,,379,379,Low,2020-08-26,2020-08-25,Tow Yard,379
380,5757.15,CLM-2022-000380,REJECTED,,380,380,Low,2025-06-17,2025-06-17,On Site,380
381,9720.85,CLM-2023-000381,UNDER_REVIEW,,381,381,Medium,2022-07-14,2022-06-28,Workshop A,381
382,14130.83,CLM-2024-000382,UNDER_REVIEW,,382,382,Medium,2022-11-27,2022-11-23,Workshop B,382
383,19647.61,CLM-2025-000383,REJECTED,,383,383,Low,2021-03-04,2021-02-20,On Site,383
384,18964.96,CLM-2020-000384,REJECTED,,384,384,High,2021-08-26,2021-08-06,Client Address,384
385,10277.01,CLM-2021-000385,UNDER_REVIEW,,385,385,Medium,2020-03-04,2020-02-27,Workshop A,385
386,18151.63,CLM-2022-000386,REJECTED,,386,386,Low,2024-09-26,2024-09-11,Workshop A,386
387,15220.3,CLM-2023-000387,APPROVED,,387,387,Low,2020-06-03,2020-06-01,Client Address,387
388,16456.03,CLM-2024-000388,APPROVED,,388,388,Medium,2021-09-19,2021-09-03,Client Address,388
389,7708.86,CLM-2025-000389,APPROVED,,389,389,Low,2024-11-14,2024-11-03,Workshop A,389
390,4908.19,CLM-2020-000390,UNDER_REVIEW,,390,390,Low,2023-07-10,2023-07-06,Tow Yard,390
391,862.18,CLM-2021-000391,PAID,,391,391,Medium,2023-01-09,2022-12-22,On Site,391
392,11302.25,CLM-2022-000392,UNDER_REVIEW,,392,392,Medium,2024-11-24,2024-11-13,Workshop A,392
393,16782.53,CLM-2023-000393,REJECTED,,393,393,Low,2022-06-05,2022-05-22,Tow Yard,393
394,8702.11,CLM-2024-000394,APPROVED,,394,394,High,2022-11-17,2022-10-29,On Site,394
395,8283.42,CLM-2025-000395,REJECTED,,395,395,High,2020-12-04,2020-12-04,Tow Yard,395
396,4643.93,CLM-2020-000396,APPROVED,,396,396,Low,2024-05-07,2024-04-29,On Site,396
397,10247.92,CLM-2021-000397,REJECTED,,397,397,Low,2020-02-12,2020-01-24,Tow Yard,397
398,12317.05,CLM-2022-000398,UNDER_REVIEW,,398,398,High,2020-01-10,2019-12-29,Tow Yard,398
399,16259.98,CLM-2023-000399,PAID,,399,399,Low,2021-06-23,2021-06-06,Client Address,399
400,3582.04,CLM-2024-000400,REGISTERED,,400,400,High,2022-11-01,2022-10-24,Client Address,400
401,16248.97,CLM-2025-000401,REGISTERED,,401,401,Medium,2024-03-03,2024-02-22,Workshop B,401
402,11438.96,CLM-2020-000402,REGISTERED,,402,402,Low,2020-05-05,2020-05-04,Workshop A,402
403,5134.09,CLM-2021-000403,PAID,,403,403,High,2020-12-03,2020-11-22,Workshop B,403
404,6939.66,CLM-2022-000404,UNDER_REVIEW,,404,404,High,2022-08-10,2022-08-02,Workshop B,404
405,6796.99,CLM-2023-000405,REJECTED,,405,405,Medium,2025-04-10,2025-04-07,Tow Yard,405
406,10555.45,CLM-2024-000406,REJECTED,,406,406,Low,2022-09-22,2022-09-05,Client Address,406
407,17394.27,CLM-2025-000407,APPROVED,,407,407,Medium,2024-03-06,2024-03-04,Workshop A,407
408,6335.16,CLM-2020-000408,REGISTERED,,408,408,Medium,2025-05-13,2025-05-09,Workshop B,408
409,4506.7,CLM-2021-000409,UNDER_REVIEW,,409,409,Medium,2021-04-15,2021-04-10,On Site,409
410,8302.3,CLM-2022-000410,PAID,,410,410,Low,2023-05-29,2023-05-14,Workshop B,410
411,273.46,CLM-2023-000411,UNDER_REVIEW,,411,411,High,2025-11-21,2025-11-07,On Site,411
412,16354.29,CLM-2024-000412,REGISTERED,,412,412,Medium,2022-03-19,2022-03-13,On Site,412
413,19401.03,CLM-2025-000413,UNDER_REVIEW,,413,413,Low,2024-03-20,2024-03-10,Workshop B,413
414,18493.55,CLM-2020-000414,REJECTED,,414,414,High,2020-04-07,2020-03-19,Workshop A,414
415,8386.51,CLM-2021-000415,REGISTERED,,415,415,Low,2021-09-29,2021-09-23,Client Address,415
416,15643.98,CLM-2022-000416,PAID,,416,416,Medium,2024-05-10,2024-05-05,On Site,416
417,1050.63,CLM-2023-000417,REJECTED,,417,417,High,2020-02-29,2020-02-12,Workshop A,417
418,19921.44,CLM-2024-000418,UNDER_REVIEW,,418,418,High,2024-09-09,2024-09-09,Workshop B,418
419,320.21,CLM-2025-000419,REGISTERED,,419,419,Low,2021-05-02,2021-04-21,On Site,419
420,12261.21,CLM-2020-000420,UNDER_REVIEW,,420,420,Medium,2021-06-21,2021-06-16,Tow Yard,420
421,2281.62,CLM-2021-000421,APPROVED,,421,421,Low,2021-06-02,2021-05-19,Client Address,421
422,17130.43,CLM-2022-000422,REJECTED,,422,422,Low,2024-01-30,2024-01-14,Workshop B,422
423,9745.01,CLM-2023-000423,REGISTERED,,423,423,Medium,2022-10-03,2022-09-25,Client Address,423
424,4795.32,CLM-2024-000424,UNDER_REVIEW,,424,424,Medium,2023-06-30,2023-06-24,Client Address,424
425,2693.28,CLM-2025-000425,UNDER_REVIEW,,425,425,Low,2020-08-15,2020-07-29,Workshop B,425
426,10376.19,CLM-2020-000426,PAID,,426,426,Medium,2021-08-05,2021-07-17,Workshop B,426
427,17470.01,CLM-2021-000427,REGISTERED,,427,427,Medium,2024-06-27,2024-06-12,Workshop B,427
428,15318.32,CLM-2022-000428,APPROVED,,428,428,Low,2024-04-20,2024-04-01,Workshop B,428
429,14785.42,CLM-2023-000429,REGISTERED,,429,429,High,2021-08-18,2021-08-04,Workshop A,429
430,8709.65,CLM-2024-000430,REJECTED,,430,430,High,2020-11-26,2020-11-18,Client Address,430
431,19328.54,CLM-2025-000431,REJECTED,,431,431,High,2022-09-10,2022-09-09,Client Address,431
432,7748.27,CLM-2020-000432,PAID,,432,432,High,2025-11-13,2025-10-27,Tow Yard,432
433,4416.72,CLM-2021-000433,PAID,,433,433,Medium,2022-11-09,2022-10-30,On Site,433
434,17845.12,CLM-2022-000434,UNDER_REVIEW,,434,434,Low,2020-02-13,2020-01-31,On Site,434
435,4951.81,CLM-2023-000435,REJECTED,,435,435,High,2023-08-20,2023-07-31,On Site,435
436,15984.9,CLM-2024-000436,REGISTERED,,436,436,Low,2021-01-04,2020-12-30,Workshop A,436
437,7720.95,CLM-2025-000437,REJECTED,,437,437,Medium,2020-10-14,2020-09-26,Tow Yard,437
438,2037.88,CLM-2020-000438,REGISTERED,,438,438,Medium,2025-08-25,2025-08-23,Client Address,438
439,12480.08,CLM-2021-000439,REGISTERED,,439,439,Low,2021-04-06,2021-03-31,Client Address,439
440,10872.5,CLM-2022-000440,REGISTERED,,440,440,High,2020-10-24,2020-10-11,Tow Yard,440
441,781.66,CLM-2023-000441,PAID,,441,441,Low,2022-03-04,2022-02-24,Workshop A,441
442,4713.47,CLM-2024-000442,UNDER_REVIEW,,442,442,Medium,2022-05-21,2022-05-04,Tow Yard,442
443,6153.8,CLM-2025-000443,REJECTED,,443,443,Medium,2021-05-03,2021-05-01,Tow Yard,443
444,16672.94,CLM-2020-000444,PAID,,444,444,High,2025-04-18,2025-04-18,Client Address,444
445,2675.15,CLM-2021-000445,REJECTED,,445,445,Low,2020-08-26,2020-08-20,Tow Yard,445
446,10955.72,CLM-2022-000446,PAID,,446,446,Medium,2020-08-05,2020-08-05,Workshop B,446
447,13618.85,CLM-2023-000447,REGISTERED,,447,447,Low,2025-10-22,2025-10-16,Tow Yard,447
448,15799.93,CLM-2024-000448,APPROVED,,448,448,Medium,2023-11-25,2023-11-15,Tow Yard,448
449,5994.19,CLM-2025-000449,APPROVED,,449,449,Low,2021-01-31,2021-01-18,On Site,449
450,16440.91,CLM-2020-000450,APPROVED,,450,450,Medium,2021-04-04,2021-03-30,Workshop A,450
451,2297.37,CLM-2021-000451,REGISTERED,,451,451,High,2025-10-25,2025-10-25,Workshop B,451
452,10538.58,CLM-2022-000452,APPROVED,,452,452,Medium,2025-07-24,2025-07-13,Workshop B,452
453,1489.02,CLM-2023-000453,REGISTERED,,453,453,High,2021-10-30,2021-10-28,Client Address,453
454,19612.12,CLM-2024-000454,REJECTED,,454,454,High,2021-07-23,2021-07-07,Client Address,454
455,4144.52,CLM-2025-000455,REGISTERED,,455,455,High,2022-07-21,2022-07-11,Workshop A,455
456,4421.5,CLM-2020-000456,APPROVED,,456,456,Low,2021-06-06,2021-05-24,On Site,456
457,275.09,CLM-2021-000457,REGISTERED,,457,457,High,2022-12-14,2022-12-07,Client Address,457
458,3371.53,CLM-2022-000458,UNDER_REVIEW,,458,458,High,2022-05-28,2022-05-25,On Site,458
459,17771.4,CLM-2023-000459,PAID,,459,459,Medium,2024-06-14,2024-06-13,Workshop B,459
460,1968.12,CLM-2024-000460,APPROVED,,460,460,Low,2022-05-04,2022-04-25,Workshop A,460
461,13576.57,CLM-2025-000461,REGISTERED,,461,461,High,2020-05-29,2020-05-11,Workshop B,461
462,17723.41,CLM-2020-000462,APPROVED,,462,462,Low,2025-07-11,2025-06-28,Client Address,462
463,7164.61,CLM-2021-000463,REJECTED,,463,463,High,2023-01-30,2023-01-28,Workshop B,463
464,14175.13,CLM-2022-000464,REJECTED,,464,464,Low,2024-02-29,2024-02-21,On Site,464
465,16860.22,CLM-2023-000465,APPROVED,,465,465,Medium,2022-11-07,2022-10-22,Workshop B,465
466,12924.81,CLM-2024-000466,REGISTERED,,466,466,Medium,2024-12-07,2024-11-18,Tow Yard,466
467,15525.3,CLM-2025-000467,PAID,,467,467,Low,2025-03-27,2025-03-14,Workshop A,467
468,14785.88,CLM-2020-000468,UNDER_REVIEW,,468,468,Medium,2021-08-30,2021-08-21,On Site,468
469,19843.63,CLM-2021-000469,UNDER_REVIEW,,469,469,High,2021-05-18,2021-05-05,Tow Yard,469
470,10095.53,CLM-2022-000470,REGISTERED,,470,470,High,2024-11-10,2024-11-03,Workshop A,470
471,2018.66,CLM-2023-000471,APPROVED,,471,471,Medium,2023-10-03,2023-09-26,Client Address,471
472,12816.59,CLM-2024-000472,REJECTED,,472,472,Low,2021-06-23,2021-06-11,Client Address,472
473,12388.93,CLM-2025-000473,REGISTERED,,473,473,Low,2020-06-15,2020-05-30,Client Address,473
474,8153.78,CLM-2020-000474,REJECTED,,474,474,Medium,2022-06-26,2022-06-20,Tow Yard,474
475,12635.98,CLM-2021-000475,APPROVED,,475,475,Low,2025-12-04,2025-11-24,Workshop A,475
476,12165.27,CLM-2022-000476,REJECTED,,476,476,Low,2020-05-30,2020-05-19,Workshop B,476
477,16801.06,CLM-2023-000477,PAID,,477,477,Low,2022-06-21,2022-06-08,Workshop A,477
478,7389.5,CLM-2024-000478,REGISTERED,,478,478,Low,2025-04-20,2025-04-14,Workshop B,478
479,2887.88,CLM-2025-000479,APPROVED,,479,479,Low,2021-12-04,2021-12-03,Client Address,479
480,4149.45,CLM-2020-000480,REGISTERED,,480,480,Medium,2022-11-16,2022-11-10,On Site,480
481,14239.17,CLM-2021-000481,REJECTED,,481,481,Low,2022-08-02,2022-07-23,Workshop B,481
482,13006.58,CLM-2022-000482,REGISTERED,,482,482,Low,2021-04-22,2021-04-08,Tow Yard,482
483,19140.52,CLM-2023-000483,PAID,,483,483,High,2024-09-01,2024-08-23,Tow Yard,483
484,605.19,CLM-2024-000484,UNDER_REVIEW,,484,484,Low,2023-04-11,2023-04-10,Workshop A,484
485,7054.38,CLM-2025-000485,REJECTED,,485,485,Low,2025-03-30,2025-03-29,Workshop A,485
486,5364.13,CLM-2020-000486,REJECTED,,486,486,Low,2021-07-30,2021-07-23,Client Address,486
487,669.97,CLM-2021-000487,REGISTERED,,487,487,Medium,2020-11-06,2020-10-29,Workshop A,487
488,18143.22,CLM-2022-000488,REJECTED,,488,488,Medium,2025-07-27,2025-07-10,Client Address,488
489,13550.59,CLM-2023-000489,APPROVED,,489,489,Medium,2025-01-09,2025-01-07,Workshop A,489
490,8664.96,CLM-2024-000490,REJECTED,,490,490,High,2023-06-26,2023-06-09,On Site,490
491,8634.9,CLM-2025-000491,APPROVED,,491,491,High,2021-01-16,2020-12-31,Workshop B,491
492,19273.75,CLM-2020-000492,APPROVED,,492,492,Low,2024-08-03,2024-07-31,On Site,492
493,5056.58,CLM-2021-000493,APPROVED,,493,493,Medium,2022-12-19,2022-12-01,Tow Yard,493
494,5321.4,CLM-2022-000494,APPROVED,,494,494,High,2025-09-13,2025-08-28,Client Address,494
495,6902.5,CLM-2023-000495,APPROVED,,495,495,High,2023-04-10,2023-03-21,On Site,495
496,17803.95,CLM-2024-000496,APPROVED,,496,496,High,2025-05-05,2025-04-29,Tow Yard,496
497,7121.06,CLM-2025-000497,REJECTED,,497,497,Medium,2025-07-14,2025-06-24,Tow Yard,497
498,5936.0,CLM-2020-000498,REGISTERED,,498,498,Low,2021-09-11,2021-08-29,Client Address,498
499,18354.09,CLM-2021-000499,PAID,,499,499,High,2020-01-04,2019-12-25,Client Address,499
500,3572.73,CLM-2022-000500,PAID,,500,500,Medium,2020-10-01,2020-09-23,Workshop B,500
